INSERT INTO AUTHOR (Name) VALUES ("George Orwell");
INSERT INTO AUTHOR (Name) VALUES ("F. Scott Fitzgerald");
INSERT INTO AUTHOR (Name) VALUES ("Harper Lee");
INSERT INTO AUTHOR (Name) VALUES ("William Shakespeare");
INSERT INTO AUTHOR (Name) VALUES ("Brian Ward");
INSERT INTO AUTHOR (Name) VALUES ("John Ross");
INSERT INTO AUTHOR (Name) VALUES ("William Shotts Jr.");
INSERT INTO AUTHOR (Name) VALUES ("Dave Taylor");
INSERT INTO AUTHOR (Name) VALUES ("V. Spraul");
INSERT INTO AUTHOR (Name) VALUES ("Al Sweigart");
INSERT INTO AUTHOR (Name) VALUES ("Eric Matthes");
INSERT INTO AUTHOR (Name) VALUES ("Amit Saha");
INSERT INTO AUTHOR (Name) VALUES ("Justin Seitz");
INSERT INTO AUTHOR (Name) VALUES ("David Kennedy");
INSERT INTO AUTHOR (Name) VALUES ("Jon Erickson");
INSERT INTO AUTHOR (Name) VALUES ("TJ O''Connor");
INSERT INTO AUTHOR (Name) VALUES ("Jason Andress");


INSERT INTO PUBLISHER (Name) VALUES ("Houghton Mifflin Harcourt");
INSERT INTO PUBLISHER (Name) VALUES ("Scribner");
INSERT INTO PUBLISHER (Name) VALUES ("Harper");
INSERT INTO PUBLISHER (Name) VALUES ("Independently published");
INSERT INTO PUBLISHER (Name) VALUES ("Simon & Schuster");
INSERT INTO PUBLISHER (Name) VALUES ("Washington Square Press");
INSERT INTO PUBLISHER (Name) VALUES ("No Starch Press");
INSERT INTO PUBLISHER (Name) VALUES ("Syngress");


INSERT INTO GENRE (Name) VALUES ("Fiction");
INSERT INTO GENRE (Name) VALUES ("Classic");
INSERT INTO GENRE (Name) VALUES ("Dystopian");
INSERT INTO GENRE (Name) VALUES ("Satire");
INSERT INTO GENRE (Name) VALUES ("Political");
INSERT INTO GENRE (Name) VALUES ("Literary");
INSERT INTO GENRE (Name) VALUES ("Mystery");
INSERT INTO GENRE (Name) VALUES ("Drama");
INSERT INTO GENRE (Name) VALUES ("Comedy");
INSERT INTO GENRE (Name) VALUES ("Linux & Unix Administration");
INSERT INTO GENRE (Name) VALUES ("Networking & System Adminisitration");
INSERT INTO GENRE (Name) VALUES ("Operating Systems");
INSERT INTO GENRE (Name) VALUES ("PCs");
INSERT INTO GENRE (Name) VALUES ("Internet & Networking");
INSERT INTO GENRE (Name) VALUES ("Home Networks");
INSERT INTO GENRE (Name) VALUES ("Wireless Networks");
INSERT INTO GENRE (Name) VALUES ("Programming");
INSERT INTO GENRE (Name) VALUES ("Shell");
INSERT INTO GENRE (Name) VALUES ("Algorithims");
INSERT INTO GENRE (Name) VALUES ("Python");
INSERT INTO GENRE (Name) VALUES ("Network Security");
INSERT INTO GENRE (Name) VALUES ("Viruses");
INSERT INTO GENRE (Name) VALUES ("Privacy & Online Safety");
INSERT INTO GENRE (Name) VALUES ("Cryptography");
INSERT INTO GENRE (Name) VALUES ("Encryption");
INSERT INTO GENRE (Name) VALUES ("Hacking");


INSERT INTO BOOK_GENRE (ISBN, GenreID) VALUES ("978-1328869333",1);
INSERT INTO BOOK_GENRE (ISBN, GenreID) VALUES ("978-1328869333",2);
INSERT INTO BOOK_GENRE (ISBN, GenreID) VALUES ("978-1328869333",3);
INSERT INTO BOOK_GENRE (ISBN, GenreID) VALUES ("978-0151072552",4);
INSERT INTO BOOK_GENRE (ISBN, GenreID) VALUES ("978-0151072552",5);
INSERT INTO BOOK_GENRE (ISBN, GenreID) VALUES ("978-0743273565",6);
INSERT INTO BOOK_GENRE (ISBN, GenreID) VALUES ("978-0743273565",2);
INSERT INTO BOOK_GENRE (ISBN, GenreID) VALUES ("978-0062420701",2);
INSERT INTO BOOK_GENRE (ISBN, GenreID) VALUES ("978-0062420701",7);
INSERT INTO BOOK_GENRE (ISBN, GenreID) VALUES ("978-1520254807",2);
INSERT INTO BOOK_GENRE (ISBN, GenreID) VALUES ("978-0743477109",2);
INSERT INTO BOOK_GENRE (ISBN, GenreID) VALUES ("978-0743477109",8);
INSERT INTO BOOK_GENRE (ISBN, GenreID) VALUES ("978-0743477123",2);
INSERT INTO BOOK_GENRE (ISBN, GenreID) VALUES ("978-0743477123",8);
INSERT INTO BOOK_GENRE (ISBN, GenreID) VALUES ("978-0743477550",2);
INSERT INTO BOOK_GENRE (ISBN, GenreID) VALUES ("978-0743477550",8);
INSERT INTO BOOK_GENRE (ISBN, GenreID) VALUES ("978-0743482745",2);
INSERT INTO BOOK_GENRE (ISBN, GenreID) VALUES ("978-0743482745",8);
INSERT INTO BOOK_GENRE (ISBN, GenreID) VALUES ("978-0743482837",2);
INSERT INTO BOOK_GENRE (ISBN, GenreID) VALUES ("978-0743482837",8);
INSERT INTO BOOK_GENRE (ISBN, GenreID) VALUES ("978-0743477567",2);
INSERT INTO BOOK_GENRE (ISBN, GenreID) VALUES ("978-0743477567",8);
INSERT INTO BOOK_GENRE (ISBN, GenreID) VALUES ("978-0743477567",2);
INSERT INTO BOOK_GENRE (ISBN, GenreID) VALUES ("978-0743482769",8);
INSERT INTO BOOK_GENRE (ISBN, GenreID) VALUES ("978-0743484862",2);
INSERT INTO BOOK_GENRE (ISBN, GenreID) VALUES ("978-0743484862",8);
INSERT INTO BOOK_GENRE (ISBN, GenreID) VALUES ("978-0743484862",2);
INSERT INTO BOOK_GENRE (ISBN, GenreID) VALUES ("978-0743484862",9);
INSERT INTO BOOK_GENRE (ISBN, GenreID) VALUES ("978-0743482752",8);
INSERT INTO BOOK_GENRE (ISBN, GenreID) VALUES ("978-0743482752",2);
INSERT INTO BOOK_GENRE (ISBN, GenreID) VALUES ("978-0743482752",9);
INSERT INTO BOOK_GENRE (ISBN, GenreID) VALUES ("978-1593275679",10);
INSERT INTO BOOK_GENRE (ISBN, GenreID) VALUES ("978-1593275679",11);
INSERT INTO BOOK_GENRE (ISBN, GenreID) VALUES ("978-1593275679",12);
INSERT INTO BOOK_GENRE (ISBN, GenreID) VALUES ("978-1886411722",12);
INSERT INTO BOOK_GENRE (ISBN, GenreID) VALUES ("978-1886411722",13);
INSERT INTO BOOK_GENRE (ISBN, GenreID) VALUES ("978-1593271916",14);
INSERT INTO BOOK_GENRE (ISBN, GenreID) VALUES ("978-1593271916",15);
INSERT INTO BOOK_GENRE (ISBN, GenreID) VALUES ("978-1593271695",14);
INSERT INTO BOOK_GENRE (ISBN, GenreID) VALUES ("978-1593271695",16);
INSERT INTO BOOK_GENRE (ISBN, GenreID) VALUES ("978-1593273897",10);
INSERT INTO BOOK_GENRE (ISBN, GenreID) VALUES ("978-1593273897",11);
INSERT INTO BOOK_GENRE (ISBN, GenreID) VALUES ("978-1593273897",17);
INSERT INTO BOOK_GENRE (ISBN, GenreID) VALUES ("978-1593276027",17);
INSERT INTO BOOK_GENRE (ISBN, GenreID) VALUES ("978-1593276027",18);
INSERT INTO BOOK_GENRE (ISBN, GenreID) VALUES ("978-1593274245",17);
INSERT INTO BOOK_GENRE (ISBN, GenreID) VALUES ("978-1593274245",19);
INSERT INTO BOOK_GENRE (ISBN, GenreID) VALUES ("978-1593275990",17);
INSERT INTO BOOK_GENRE (ISBN, GenreID) VALUES ("978-1593275990",20);
INSERT INTO BOOK_GENRE (ISBN, GenreID) VALUES ("978-1593276034",17);
INSERT INTO BOOK_GENRE (ISBN, GenreID) VALUES ("978-1593276034",20);
INSERT INTO BOOK_GENRE (ISBN, GenreID) VALUES ("978-1593276409",17);
INSERT INTO BOOK_GENRE (ISBN, GenreID) VALUES ("978-1593276409",20);
INSERT INTO BOOK_GENRE (ISBN, GenreID) VALUES ("978-1593275907",21);
INSERT INTO BOOK_GENRE (ISBN, GenreID) VALUES ("978-1593275907",22);
INSERT INTO BOOK_GENRE (ISBN, GenreID) VALUES ("978-1593275907",23);
INSERT INTO BOOK_GENRE (ISBN, GenreID) VALUES ("978-1593272883",21);
INSERT INTO BOOK_GENRE (ISBN, GenreID) VALUES ("978-1593272883",22);
INSERT INTO BOOK_GENRE (ISBN, GenreID) VALUES ("978-1593272883",23);
INSERT INTO BOOK_GENRE (ISBN, GenreID) VALUES ("978-1593271442",24);
INSERT INTO BOOK_GENRE (ISBN, GenreID) VALUES ("978-1593271442",25);
INSERT INTO BOOK_GENRE (ISBN, GenreID) VALUES ("978-1593271442",26);
INSERT INTO BOOK_GENRE (ISBN, GenreID) VALUES ("978-1597499576",21);
INSERT INTO BOOK_GENRE (ISBN, GenreID) VALUES ("978-1597499576",26);
INSERT INTO BOOK_GENRE (ISBN, GenreID) VALUES ("978-0128007440",21);
INSERT INTO BOOK_GENRE (ISBN, GenreID) VALUES ("978-0128007440",25);


INSERT INTO BOOK (ISBN, AuthorID, Title, PublisherID, PublicationDate, PageCount, Description, Price) VALUES("978-1328869333",1,"1984",1,"2017-04-04",198,"In 1984, London is a grim city in the totalitarian state of Oceania where Big Brother is always watching you and the Thought Police can practically read your mind. Winston Smith is a man in grave danger for the simple reason that his memory still functions. Drawn into a forbidden love affair, Winston finds the courage to join a secret revolutionary organization called The Brotherhood, dedicated to the destruction of the Party. Together with his beloved Julia, he hazards his life in a deadly match against the powers that be.",13.42);
INSERT INTO BOOK (ISBN, AuthorID, Title, PublisherID, PublicationDate, PageCount, Description, Price) VALUES("978-0151072552",1,"Animal Farm",1,"1980-11-20",144,"A farm is taken over by its overworked, mistreated animals. With flaming idealism and stirring slogans, they set out to create a paradise of progress, justice, and equality. Thus the stage is set for one of the most telling satiric fables ever penned—a razor-edged fairy tale for grown-ups that records the evolution from revolution against tyranny to a totalitarianism just as terrible.",12.23);
INSERT INTO BOOK (ISBN, AuthorID, Title, PublisherID, PublicationDate, PageCount, Description, Price) VALUES("978-0743273565",2,"The Great Gatsby",2,"2004-09-30",180,"The Great Gatsby, F. Scott Fitzgerald''s third book, stands as the supreme achievement of his career. This exemplary novel of the Jazz Age has been acclaimed by generations of readers. The story of the fabulously wealthy Jay Gatsby and his love for the beautiful Daisy Buchanan, of lavish parties on Long Island at a time when The New York Times noted \"gin was the national drink and sex the national obsession,\" it is an exquisitely crafted tale of America in the 1920s.",6.95);
INSERT INTO BOOK (ISBN, AuthorID, Title, PublisherID, PublicationDate, PageCount, Description, Price) VALUES("978-0062420701",3,"To Kill a Mockingbird",3,"2015-03-03",336,"The unforgettable novel of a childhood in a sleepy Southern town and the crisis of conscience that rocked it, To Kill A Mockingbird became both an instant bestseller and a critical success when it was first published in 1960. It went on to win the Pulitzer Prize in 1961 and was later made into an Academy Award-winning film, also a classic.",17.86);
INSERT INTO BOOK (ISBN, AuthorID, Title, PublisherID, PublicationDate, PageCount, Description, Price) VALUES("978-1520254807",4,"Romeo and Juliet",4,"2016-12-28",166,"Romeo and Juliet is a tragic play written early in the career of William Shakespeare about two teenage \"star-cross''d lovers\" whose untimely deaths ultimately unite their feuding households. It was among Shakespeare''s most popular plays during his lifetime and, along with Hamlet, is one of his most frequently performed plays. Today, the title characters are regarded as archetypal \"young lovers\".",4.74);
INSERT INTO BOOK (ISBN, AuthorID, Title, PublisherID, PublicationDate, PageCount, Description, Price) VALUES("978-0743477109",4,"Macbeth",5,"2003-07-01",304,"In depicting a man who murders to become king, Macbeth teases us with huge questions. Is Macbeth tempted by fate, or by his or his wife’s ambition? Why does their success turn to ashes?",4.31);
INSERT INTO BOOK (ISBN, AuthorID, Title, PublisherID, PublicationDate, PageCount, Description, Price) VALUES("978-0743477123",4,"Hamlet",5,"1992-07-01",342,"Hamlet is Shakespeare''s most popular, and most puzzling, play. It follows the form of a \"revenge tragedy,\" in which the hero, Hamlet, seeks vengeance against his father''s murderer, his uncle Claudius, now the king of Denmark. Much of its fascination, however, lies in its uncertainties.",4.31);
INSERT INTO BOOK (ISBN, AuthorID, Title, PublisherID, PublicationDate, PageCount, Description, Price) VALUES("978-0743477550",4,"Othello",5,"1993-07-01",314,"In Othello, Shakespeare creates powerful drama from a marriage between the exotic Moor Othello and the Venetian lady Desdemona that begins with elopement and mutual devotion and ends with jealous rage and death. Shakespeare builds many differences into his hero and heroine, including race, age, and cultural background. Yet most readers and audiences believe the couple’s strong love would overcome these differences were it not for Iago, who sets out to destroy Othello. Iago’s false insinuations about Desdemona’s infidelity draw Othello into his schemes, and Desdemona is subjected to Othello’s horrifying verbal and physical assaults.",5.39);
INSERT INTO BOOK (ISBN, AuthorID, Title, PublisherID, PublicationDate, PageCount, Description, Price) VALUES("978-0743482745",4,"Julius Caesar",5,"2004-01-01",288,"Shakespeare may have written Julius Caesar as the first of his plays to be performed at the Globe, in 1599. For it, he turned to a key event in Roman history: Caesar’s death at the hands of friends and fellow politicians. Renaissance writers disagreed over the assassination, seeing Brutus, a leading conspirator, as either hero or villain. Shakespeare’s play keeps this debate alive.",5.99);
INSERT INTO BOOK (ISBN, AuthorID, Title, PublisherID, PublicationDate, PageCount, Description, Price) VALUES("978-0743482837",4,"The Tempest",5,"2004-07-01",218,"Putting romance onstage, The Tempest gives us a magician, Prospero, a former duke of Milan who was displaced by his treacherous brother, Antonio. Prospero is exiled on an island, where his only companions are his daughter, Miranda, the spirit Ariel, and the monster Caliban. When his enemies are among those caught in a storm near the island, Prospero turns his power upon them through Ariel and other spirits.",5.99);
INSERT INTO BOOK (ISBN, AuthorID, Title, PublisherID, PublicationDate, PageCount, Description, Price) VALUES("978-0743477567",4,"The Merchant of Venice",5,"2009-01-01",238,"In The Merchant of Venice, the path to marriage is hazardous. To win Portia, Bassanio must pass a test prescribed by her father’s will, choosing correctly among three caskets or chests. If he fails, he may never marry at all.",5.99);
INSERT INTO BOOK (ISBN, AuthorID, Title, PublisherID, PublicationDate, PageCount, Description, Price) VALUES("978-0743482769",4,"King Lear",5,"2004-01-01",384,"Shakespeare’s King Lear challenges us with the magnitude, intensity, and sheer duration of the pain that it represents. Its figures harden their hearts, engage in violence, or try to alleviate the suffering of others. Lear himself rages until his sanity cracks. What, then, keeps bringing us back to King Lear? For all the force of its language, King Lear is almost equally powerful when translated, suggesting that it is the story, in large part, that draws us to the play.",5.39);
INSERT INTO BOOK (ISBN, AuthorID, Title, PublisherID, PublicationDate, PageCount, Description, Price) VALUES("978-0743484862",4,"As You Like it",5,"2014-07-01",320,"Readers and audiences have long greeted As You Like It with delight. Its characters are brilliant conversationalists, including the princesses Rosalind and Celia and their Fool, Touchstone. Soon after Rosalind and Orlando meet and fall in love, the princesses and Touchstone go into exile in the Forest of Arden, where they find new conversational partners. Duke Frederick, younger brother to Duke Senior, has overthrown his brother and forced him to live homeless in the forest with his courtiers, including the cynical Jaques. Orlando, whose older brother Oliver plotted his death, has fled there, too",4.31);
INSERT INTO BOOK (ISBN, AuthorID, Title, PublisherID, PublicationDate, PageCount, Description, Price) VALUES("978-0743477543",4,"A Midsummer Nights Dream",5,"2004-01-01",256,"In A Midsummer Night’s Dream, Shakespeare stages the workings of love. Theseus and Hippolyta, about to marry, are figures from mythology. In the woods outside Theseus’s Athens, two young men and two young women sort themselves out into couples—but not before they form first one love triangle, and then another.",5.71);
INSERT INTO BOOK (ISBN, AuthorID, Title, PublisherID, PublicationDate, PageCount, Description, Price) VALUES("978-0743482752",4,"Much Ado About Nothing",6,"2004-01-01",246,"Much Ado About Nothing includes two quite different stories of romantic love. Hero and Claudio fall in love almost at first sight, but an outsider, Don John, strikes out at their happiness. Beatrice and Benedick are kept apart by pride and mutual antagonism until others decide to play Cupid.",4.31);
INSERT INTO BOOK (ISBN, AuthorID, Title, PublisherID, PublicationDate, PageCount, Description, Price) VALUES("978-1593275679",5,"How Linux Works: What Every Superuser Should Know",7,"2014-11-21",392,"Unlike some operating systems, Linux doesn''t try to hide the important bits from you—it gives you full control of your computer. But to truly master Linux, you need to understand its internals, like how the system boots, how networking works, and what the kernel actually does.",31.24);
INSERT INTO BOOK (ISBN, AuthorID, Title, PublisherID, PublicationDate, PageCount, Description, Price) VALUES("978-1886411722",5,"The Book of VMware: The Complete Guide to VMware Workstation",7,"2002-02-01",264,"VMware software allows users to run multiple operating systems (and their applications) simultaneously on a single computer. This comprehensive guide to installing and running VMware, developed with the help of VMware, Inc., includes sections on device emulation; configuring the guest operating system; networking and file transfers; and troubleshooting common questions and answers.",8.99);
INSERT INTO BOOK (ISBN, AuthorID, Title, PublisherID, PublicationDate, PageCount, Description, Price) VALUES("978-1593271916",6,"Network Know-How: An Essential Guide for the Accidental Admin",7,"2009-02-21",288,"Network Know-How is your guide to connecting your machines, filled with practical advice that will show you how to get things done. You''ll learn the nitty-gritty of network setup, design, and maintenance, from running cables and placing wireless access points to configuring file sharing and printing. This practical and comprehensive guide will teach you how to implement security, create intranets, and more.",15.31);
INSERT INTO BOOK (ISBN, AuthorID, Title, PublisherID, PublicationDate, PageCount, Description, Price) VALUES("978-1593271695",6,"The Book of Wireless: A Painless Guide to Wi-Fi and Broadband Wireless",7,"2008-01-28",352,"If you''re one of the last holdouts still connected to the Internet by a wire, The Book of Wireless, 2nd Edition is the book for you. You''ll learn how to set up your own home (or small office) wireless network and how to use public wireless networks, safely and securely. This plain-English guide demystifies configuring and using wireless networks-everything from shopping for parts to securing your network.",13.94);
INSERT INTO BOOK (ISBN, AuthorID, Title, PublisherID, PublicationDate, PageCount, Description, Price) VALUES("978-1593273897",7,"The Linux Command Line: A Complete Introduction",7,"2012-01-17",480,"You''ve experienced the shiny, point-and-click surface of your Linux computer—now dive below and explore its depths with the power of the command line. The Linux Command Line takes you from your very first terminal keystrokes to writing full programs in Bash, the most popular Linux shell. Along the way you''ll learn the timeless skills handed down by generations of gray-bearded, mouse-shunning gurus: file navigation, environment configuration, command chaining, pattern matching with regular expressions, and more. In addition to that practical knowledge, author William Shotts reveals the philosophy behind these tools and the rich heritage that your desktop Linux machine has inherited from Unix supercomputers of yore. As you make your way through the book''s short, easily-digestible chapters, you''ll learn how to: Create and delete files, directories, and symlinks Administer your system, including networking, package installation, and process management Use standard input and output, redirection, and pipelines Edit files with Vi, the world''s most popular text editor Write shell scripts to automate common or boring tasks Slice and dice text files with cut, paste, grep, patch, and sed Once you overcome your initial \"shell shock,\" you''ll find that the command line is a natural and expressive way to communicate with your computer. Just don''t be surprised if your mouse starts to gather dust.",28.32);
INSERT INTO BOOK (ISBN, AuthorID, Title, PublisherID, PublicationDate, PageCount, Description, Price) VALUES("978-1593276027",8,"Wicked Cool Shell Scripts: 101 Scripts for Linux, OS X, and UNIX Systems",7,"2016-11-05",392,"This second edition of Wicked Cool Shell Scripts offers a collection of useful, customizable, and fun shell scripts for solving common problems and personalizing your computing environment. Each chapter contains ready-to-use scripts and explanations of how they work, why you''d want to use them, and suggestions for changing and expanding them.",20.90);
INSERT INTO BOOK (ISBN, AuthorID, Title, PublisherID, PublicationDate, PageCount, Description, Price) VALUES("978-1593274245",9,"Think Like a Programmer: An Introduction to Creative Problem Solving",7,"2012-08-11",256,"The real challenge of programming isn''t learning a language''s syntax—it''s learning to creatively solve problems so you can build something great. In this one-of-a-kind text, author V. Anton Spraul breaks down the ways that programmers solve problems and teaches you what other introductory books often ignore: how to Think Like a Programmer. Each chapter tackles a single programming concept, like classes, pointers, and recursion, and open-ended exercises throughout challenge you to apply your knowledge.",27.98);
INSERT INTO BOOK (ISBN, AuthorID, Title, PublisherID, PublicationDate, PageCount, Description, Price) VALUES("978-1593275990",10,"Automate the Boring Stuff with Python: Practical Programming for Total Beginners",7,"2015-05-01",504,"In Automate the Boring Stuff with Python, you''ll learn how to use Python to write programs that do in minutes what would take you hours to do by hand—no prior programming experience required. Once you''ve mastered the basics of programming, you''ll create Python programs that effortlessly perform useful and impressive feats of automation.",24.91);
INSERT INTO BOOK (ISBN, AuthorID, Title, PublisherID, PublicationDate, PageCount, Description, Price) VALUES("978-1593276034",11,"Python Crash Course: A Hands-On, Project-Based Introduction to Programming",7,"2015-11-30",560,"Python Crash Course is a fast-paced, thorough introduction to programming with Python that will have you writing programs, solving problems, and making things that work in no time.",21.73);
INSERT INTO BOOK (ISBN, AuthorID, Title, PublisherID, PublicationDate, PageCount, Description, Price) VALUES("978-1593276409",12,"Doing Math with Python: Use Programming to Explore Algebra, Statistics, Calculus, and More!",7,"2015-09-06",264,"Doing Math with Python shows you how to use Python to delve into high school—level math topics like statistics, geometry, probability, and calculus. You''ll start with simple projects, like a factoring program and a quadratic-equation solver, and then create more complex projects once you''ve gotten the hang of things.",17.50);
INSERT INTO BOOK (ISBN, AuthorID, Title, PublisherID, PublicationDate, PageCount, Description, Price) VALUES("978-1593275907",13,"Black Hat Python: Python Programming for Hackers and Pentesters",7,"2014-12-14",192,"In Black Hat Python, the latest from Justin Seitz (author of the best-selling Gray Hat Python), you''ll explore the darker side of Python''s capabilities—writing network sniffers, manipulating packets, infecting virtual machines, creating stealthy trojans, and more.",19.59);
INSERT INTO BOOK (ISBN, AuthorID, Title, PublisherID, PublicationDate, PageCount, Description, Price) VALUES("978-1593272883",14,"Metasploit: The Penetration Tester''s Guide",7,"2011-07-11",328,"The Metasploit Framework makes discovering, exploiting, and sharing vulnerabilities quick and relatively painless. But while Metasploit is used by security professionals everywhere, the tool can be hard to grasp for first-time users. Metasploit: The Penetration Tester''s Guide fills this gap by teaching you how to harness the Framework and interact with the vibrant community of Metasploit contributors.",38.93);
INSERT INTO BOOK (ISBN, AuthorID, Title, PublisherID, PublicationDate, PageCount, Description, Price) VALUES("978-1593271442",15,"Hacking: The Art of Exploitation, 2nd Edition",7,"2008-02-04",488,"Rather than merely showing how to run existing exploits, author Jon Erickson explains how arcane hacking techniques actually work. To share the art and science of hacking in a way that is accessible to everyone, Hacking: The Art of Exploitation, 2nd Edition introduces the fundamentals of C programming from a hacker''s perspective.",27.33);
INSERT INTO BOOK (ISBN, AuthorID, Title, PublisherID, PublicationDate, PageCount, Description, Price) VALUES("978-1597499576",16,"Violent Python: A Cookbook for Hackers, Forensic Analysts, Penetration Testers and Security Engineers 1st Edition",8,"2012-11-22",288,"Violent Python shows you how to move from a theoretical understanding of offensive computing concepts to a practical implementation. Instead of relying on another attacker’s tools, this book will teach you to forge your own weapons using the Python programming language. This book demonstrates how to write Python scripts to automate large-scale network attacks, extract metadata, and investigate forensic artifacts. It also shows how to write code to intercept and analyze network traffic using Python, craft and spoof wireless frames to attack wireless and Bluetooth devices, and how to data-mine popular social media websites and evade modern anti-virus.",24.78);
INSERT INTO BOOK (ISBN, AuthorID, Title, PublisherID, PublicationDate, PageCount, Description, Price) VALUES("978-0128007440",17,"The Basics of Information Security, Second Edition: Understanding the Fundamentals of InfoSec in Theory and Practice",8,"2014-06-23",240,"he Basics of Information Security gives you clear-non-technical explanations of how infosec works and how to apply these principles whether you''re in the IT field or want to understand how it affects your career and business. The new Second Edition has been updated for the latest trends and threats, including new material on many infosec subjects.",18.05);





